Rock,Rock
Rock,Rock,Rock,Rock
Rock,Rock,Rock,Rock,Rock,Rock
Rock,Rock,Rock,Rock,Jazz,Jazz,Metal,Metal,Rock
Alternative & Punk,Alternative & Punk,Rock And Roll,Jazz,Metal,Metal,Metal,Metal,Alternative & Punk,Alternative & Punk,Metal,Blues,Latin,Latin
Latin
Latin,Latin
Latin,Latin
Latin,Latin,Latin,Latin
Latin,Latin,Latin,Latin,Latin,Latin
Latin,Latin,Reggae,Reggae,Reggae,Reggae,Reggae,Latin,Latin
Pop,Rock,Rock,Rock,Soundtrack,Latin,Latin,Latin,Latin,Metal,Rock,Rock,Rock,Rock
Jazz
Jazz,Jazz
Jazz,Alternative & Punk
Alternative & Punk,Alternative & Punk,Alternative & Punk,Alternative & Punk
Alternative & Punk,Alternative & Punk,Alternative & Punk,Rock,Rock,Rock
Latin,Latin,Latin,Latin,Alternative & Punk,Alternative & Punk,Alternative & Punk,Rock,Rock
Latin,Rock,Rock,Latin,Jazz,Jazz,Jazz,Jazz,Jazz,Jazz,Bossa Nova,Latin,Latin,Rock
Rock
Rock,Rock
Rock,Rock
Rock,Rock,Rock,Rock
Rock,Latin,Latin,Latin,Latin,Latin
Latin,Latin,Rock,Rock,Rock,Rock,Rock,Rock,Rock
Rock,Rock,Rock,Rock,Rock,Rock,Jazz,Latin,Latin,Latin,Latin,Blues,Blues,Blues
Alternative & Punk
Alternative & Punk,Alternative & Punk
Alternative & Punk,Alternative & Punk
Alternative & Punk,Alternative & Punk,Alternative & Punk,Alternative & Punk
Alternative & Punk,Alternative & Punk,Rock,Rock,Rock,Alternative & Punk
Alternative & Punk,Latin,Latin,Latin,Rock,Rock,Rock,Alternative & Punk,Alternative & Punk
Rock,Easy Listening,Easy Listening,Easy Listening,Latin,Latin,Soundtrack,Latin,Latin,Latin,Latin,Metal,Alternative & Punk,Alternative & Punk
Rock
Rock,Rock
Rock,Rock
Rock,Rock,Rock,Rock
Metal,Metal,Metal,Jazz,Jazz,Jazz
Rock,Rock,Metal,Metal,Metal,Metal,Rock,Rock,Heavy Metal
Rock,Blues,Heavy Metal,Heavy Metal,Metal,Heavy Metal,Rock,Rock,Metal,Metal,Metal,Metal,Rock,Metal
Metal
Metal,Metal
Metal,Rock
Rock,Rock,Rock,Rock
Rock,Rock,R&B/Soul,R&B/Soul,R&B/Soul,R&B/Soul
Rock,Rock,R&B/Soul,R&B/Soul,Electronica/Dance,Electronica/Dance,Alternative & Punk,Alternative & Punk,Rock
Rock,Rock,Latin,Latin,Latin,World,World,Metal,Rock,Rock,Rock,Rock,Rock,Rock
Rock
Rock,Rock
Rock,Rock
Rock,Rock,Rock,Rock
Rock,Rock,Rock,Rock,Rock,Rock
Rock,Latin,Latin,Latin,Latin,Latin,Rock,Rock,Rock
Latin,Latin,Latin,Rock,Latin,Latin,R&B/Soul,R&B/Soul,Rock,Metal,Metal,Metal,Metal,Metal
Metal
Metal,Metal
Metal,Metal
Metal,Metal,Metal,Metal
Metal,Metal,Metal,Metal,Metal,Metal
Metal,Jazz,Jazz,Latin,Latin,Latin,Latin,Latin,Metal
Metal,World,Metal,Metal,Rock,Rock,Rock,Rock,Rock,Latin,Latin,Latin,Latin,Latin
Latin
Latin,Latin
Latin,Latin
Rock,Rock,Rock,Metal
Metal,Metal,Metal,Rock,Rock,Rock
Soundtrack,Soundtrack,Rock,Rock,Rock,Rock,Alternative & Punk,Alternative & Punk,Rock
Rock,Rock,Rock,Rock,Reggae,Rock,Hip Hop/Rap,Hip Hop/Rap,Rock,Rock,Rock,Alternative & Punk,Alternative & Punk,Rock
Alternative & Punk
Alternative & Punk,Alternative & Punk
Alternative & Punk,Alternative & Punk
Alternative & Punk,Alternative & Punk,Alternative & Punk,Alternative & Punk
Alternative & Punk,Alternative & Punk,Rock,Rock,Rock,Rock
Alternative & Punk,Alternative & Punk,Alternative & Punk,Rock,Rock,Rock,Rock,Rock,Rock
Rock,Rock,Rock,Rock,Rock,Rock,Alternative & Punk,Alternative & Punk,Alternative & Punk,Alternative & Punk,Rock,Rock,Jazz,Blues
Rock
Rock,Rock
Metal,Metal
Metal,Metal,Metal,Metal
Rock,Blues,Blues,Blues,Blues,Blues
Alternative & Punk,Alternative & Punk,Alternative & Punk,Rock,Rock,Rock,Rock,Rock,Rock
Rock,Rock,Rock,Rock,Rock,Rock,Alternative & Punk,Alternative & Punk,Alternative & Punk,Rock,Rock,Rock,Latin,Latin
Alternative & Punk
Alternative & Punk,Alternative & Punk
Alternative & Punk,Alternative & Punk
Alternative & Punk,Alternative & Punk,Alternative & Punk,Alternative & Punk
Alternative & Punk,Alternative & Punk,Alternative & Punk,Alternative & Punk,Alternative & Punk,TV Shows
Science Fiction,Science Fiction,Sci Fi & Fantasy,Drama,Drama,Drama,Drama,TV Shows,TV Shows
TV Shows,Drama,TV Shows,TV Shows,TV Shows,Rock,Rock,Rock,Rock,Rock,Rock,Rock,Rock,Rock
Rock
Rock,Rock
Rock,Rock
Rock,Rock,Rock,Rock
Rock,Rock,Reggae,Reggae,Reggae,Rock
Rock,Rock,Rock,Rock,Rock,Rock,Rock,Rock,Rock
Rock,Latin,Metal,Metal,Latin,Latin,Drama,TV Shows,TV Shows,TV Shows,TV Shows,Comedy,Drama,Sci Fi & Fantasy
Sci Fi & Fantasy
Sci Fi & Fantasy,Sci Fi & Fantasy
TV Shows,Drama
Pop,Pop,Pop,Pop
Pop,Pop,Pop,Rock,Rock,Rock
Rock,Rock,Hip Hop/Rap,Hip Hop/Rap,Hip Hop/Rap,Electronica/Dance,Electronica/Dance,Electronica/Dance,Drama
TV Shows,Latin,Alternative,Alternative,Alternative,Alternative,Alternative,Classical,Classical,Comedy,Classical,Classical,R&B/Soul,R&B/Soul
Alternative
Classical,Classical
Classical,Classical
Classical,Classical,Classical,Classical
Rock,Rock,Rock,Rock,Classical,Classical
Rock,Rock,Rock,Rock,Rock,Rock,Rock,Rock,Jazz
Jazz,Rock,Rock,Alternative & Punk,Rock And Roll,Rock And Roll,Jazz,Metal,Metal,Metal,Alternative & Punk,Alternative & Punk,Metal,Metal
Latin
Latin,Latin
Latin,Latin
Latin,Latin,Latin,Latin
Latin,Latin,Latin,Latin,Latin,Latin
Latin,Latin,Latin,Latin,Latin,Latin,Reggae,Reggae,Reggae
Reggae,Latin,Pop,Pop,Rock,Rock,Soundtrack,Soundtrack,Latin,Latin,Latin,Latin,Metal,Rock
Rock
Rock,Rock
Rock,Rock
Rock,Rock,Rock,Rock
Jazz,Jazz,Jazz,Alternative & Punk,Alternative & Punk,Alternative & Punk
Alternative & Punk,Rock,Rock,Latin,Latin,Latin,Latin,Latin,Alternative & Punk
Alternative & Punk,Rock,Latin,Latin,Rock,Latin,Latin,Jazz,Jazz,Rock,Jazz,Jazz,Bossa Nova,Bossa Nova
Latin
Latin,Latin
Rock,Rock
Rock,Rock,Rock,Rock
Rock,Rock,Rock,Rock,Rock,Rock
Latin,Latin,Latin,Latin,Latin,Rock,Rock,Rock,Rock
Rock,Rock,Rock,Rock,Rock,Rock,Rock,Rock,Jazz,Latin,Latin,Latin,Latin,Latin
Blues
Blues,Blues
Blues,Blues
Blues,Blues,Blues,Blues
Blues,Alternative & Punk,Alternative & Punk,Alternative & Punk,Alternative & Punk,Alternative & Punk
Alternative & Punk,Rock,Rock,Alternative & Punk,Alternative & Punk,Latin,Latin,Rock,Rock
Rock,Alternative & Punk,Rock,Rock,Easy Listening,Easy Listening,Latin,Latin,Soundtrack,Soundtrack,Latin,Jazz,Latin,Metal
Alternative & Punk
Alternative & Punk,Alternative & Punk
Alternative & Punk,Alternative & Punk
Alternative & Punk,Alternative & Punk,Rock,Rock
Rock,Rock,Rock,Rock,Rock,Rock
Metal,Metal,Jazz,Jazz,Rock,Rock,Metal,Metal,Metal
Rock,Heavy Metal,Heavy Metal,Rock,Blues,Heavy Metal,Metal,Metal,Rock,Rock,Metal,Metal,Metal,Metal
Rock
Rock,Rock
Metal,Metal
Metal,Metal,Metal,Metal
Metal,Metal,Rock,Rock,Rock,Rock
Rock,R&B/Soul,R&B/Soul,R&B/Soul,Rock,Rock,R&B/Soul,R&B/Soul,Electronica/Dance
Alternative & Punk,Alternative & Punk,Rock,Rock,Rock,Latin,Latin,Latin,World,Metal,Metal,Rock,Rock,Rock
Rock
Rock,Rock
Rock,Rock
Rock,Rock,Rock,Rock
Rock,Rock,Rock,Rock,Rock,Rock
Rock,Rock,Rock,Rock,Rock,Latin,Latin,Latin,Latin
Latin,Rock,Latin,Latin,Latin,Rock,Rock,Latin,Latin,R&B/Soul,R&B/Soul,Rock,Metal,Metal
Metal
Metal,Metal
Metal,Metal
Metal,Metal,Metal,Metal
Metal,Metal,Metal,Metal,Metal,Metal
Metal,Metal,Metal,Metal,Metal,Jazz,Jazz,Latin,Latin
Latin,Latin,Metal,World,World,Metal,Rock,Rock,Rock,Rock,Rock,Latin,Latin,Latin
Latin
Latin,Latin
Latin,Latin
Latin,Latin,Latin,Latin
Latin,Latin,Latin,Rock,Rock,Metal
Metal,Rock,Rock,Soundtrack,Soundtrack,Soundtrack,Rock,Rock,Rock
Rock,Alternative & Punk,Rock,Rock,Rock,Rock,Reggae,Reggae,Rock,Hip Hop/Rap,Rock,Rock,Rock,Rock
Alternative & Punk
Rock,Rock
Rock,Rock
Rock,Rock,Rock,Rock
Alternative & Punk,Alternative & Punk,Alternative & Punk,Alternative & Punk,Alternative & Punk,Alternative & Punk
Alternative & Punk,Rock,Rock,Rock,Alternative & Punk,Alternative & Punk,Rock,Rock,Rock
Rock,Rock,Rock,Rock,Rock,Rock,Rock,Rock,Rock,Alternative & Punk,Alternative & Punk,Alternative & Punk,Alternative & Punk,Rock
Jazz
Jazz,Jazz
Jazz,Blues
Blues,Blues,Blues,Blues
Rock,Rock,Rock,Metal,Metal,Rock
Rock,Blues,Blues,Blues,Alternative & Punk,Alternative & Punk,Alternative & Punk,Rock,Rock
Rock,Rock,Rock,Rock,Rock,Rock,Rock,Rock,Rock,Alternative & Punk,Alternative & Punk,Alternative & Punk,Rock,Rock
Latin
Latin,Latin
Latin,Latin
Latin,Latin,Latin,Latin
Latin,Alternative & Punk,Alternative & Punk,Alternative & Punk,Alternative & Punk,Alternative & Punk
Alternative & Punk,Alternative & Punk,Alternative & Punk,TV Shows,Science Fiction,Science Fiction,TV Shows,TV Shows,Drama
TV Shows,TV Shows,TV Shows,TV Shows,TV Shows,Drama,TV Shows,TV Shows,Rock,Rock,Rock,Rock,Rock,Rock
Rock
Rock,Rock
Rock,Rock
Rock,Rock,Rock,Rock
Rock,Rock,Rock,Rock,Rock,Rock
Rock,Reggae,Reggae,Rock,Rock,Rock,Rock,Rock,Rock
Rock,Rock,Rock,Latin,Latin,Metal,Latin,Latin,Latin,TV Shows,TV Shows,TV Shows,TV Shows,Comedy
Drama
Drama,Rock
Sci Fi & Fantasy,Sci Fi & Fantasy
Sci Fi & Fantasy,Sci Fi & Fantasy,Sci Fi & Fantasy,Sci Fi & Fantasy
Sci Fi & Fantasy,Sci Fi & Fantasy,Sci Fi & Fantasy,Pop,Pop,Pop
Pop,Pop,Rock,Rock,Rock,Rock,Hip Hop/Rap,Hip Hop/Rap,Hip Hop/Rap
Electronica/Dance,Electronica/Dance,Drama,World,Drama,Alternative,Alternative,Alternative,Alternative,Classical,Classical,Classical,Classical,Classical
R&B/Soul
R&B/Soul,R&B/Soul
R&B/Soul,R&B/Soul
R&B/Soul,R&B/Soul,Pop,Pop
Pop,Pop,Classical,Classical,Classical,Classical
Rock,Rock,Rock,Rock,Rock,Rock,Rock,Rock,Classical
Rock,Rock,Jazz,Metal,Rock,Rock,Alternative & Punk,Rock And Roll,Jazz,Metal,Metal,Metal,Metal,Alternative & Punk
Metal
Metal,Metal
Metal,Metal
Metal,Blues,Blues,Blues
Blues,Latin,Latin,Latin,Latin,Latin
Latin,Latin,Latin,Latin,Latin,Latin,Latin,Latin,Latin
Reggae,Reggae,Reggae,Reggae,Latin,Pop,Rock,Rock,Rock,Soundtrack,Latin,Latin,Latin,Latin
Metal
Metal,Metal
Rock,Rock
Rock,Rock,Rock,Rock
Rock,Rock,Rock,Rock,Rock,Rock
Jazz,Jazz,Alternative & Punk,Alternative & Punk,Alternative & Punk,Rock,Rock,Latin,Latin
Latin,Latin,Alternative & Punk,Rock,Rock,Latin,Rock,Rock,Latin,Jazz,Jazz,Jazz,Jazz,Jazz
Bossa Nova
Bossa Nova,Bossa Nova
Bossa Nova,Bossa Nova
Bossa Nova,Bossa Nova,Bossa Nova,Latin
Latin,Latin,Latin,Rock,Rock,Rock
Rock,Rock,Rock,Rock,Latin,Latin,Latin,Latin,Latin
Rock,Rock,Rock,Rock,Rock,Rock,Rock,Rock,Rock,Rock,Rock,Jazz,Latin,Latin
Latin
Latin,Latin
Latin,Latin
Latin,Latin,Blues,Blues
Blues,Blues,Blues,Blues,Blues,Blues
Alternative & Punk,Alternative & Punk,Alternative & Punk,Alternative & Punk,Alternative & Punk,Rock,Rock,Alternative & Punk,Alternative & Punk
Latin,Rock,Rock,Rock,Alternative & Punk,Rock,Easy Listening,Easy Listening,Easy Listening,Latin,Latin,Soundtrack,Latin,Latin
Latin
Latin,Latin
Latin,Latin
Latin,Metal,Metal,Metal
Metal,Alternative & Punk,Alternative & Punk,Alternative & Punk,Rock,Rock
Rock,Rock,Rock,Metal,Metal,Metal,Jazz,Jazz,Rock
Metal,Metal,Metal,Rock,Heavy Metal,Rock,Rock,Blues,Heavy Metal,Metal,Heavy Metal,Rock,Rock,Metal
Metal
Metal,Metal
Metal,Metal
Metal,Metal,Metal,Metal
Rock,Rock,Rock,Metal,Metal,Metal
Metal,Metal,Rock,Rock,Rock,R&B/Soul,R&B/Soul,R&B/Soul,Rock
R&B/Soul,R&B/Soul,Electronica/Dance,Alternative & Punk,Rock,Rock,Rock,Latin,Latin,Latin,World,World,Metal,Rock
Rock
Rock,Rock
Rock,Rock
Rock,Rock,Rock,Rock
Rock,Rock,Rock,Rock,Rock,Rock
Rock,Rock,Rock,Rock,Rock,Rock,Rock,Rock,Rock
Latin,Latin,Latin,Rock,Rock,Latin,Latin,Latin,Rock,Latin,Latin,R&B/Soul,R&B/Soul,Rock
Metal
Metal,Metal
Metal,Metal
Metal,Metal,Metal,Metal
Metal,Metal,Metal,Metal,Metal,Metal
Metal,Metal,Metal,Metal,Metal,Metal,Metal,Metal,Metal
Jazz,Latin,Latin,Latin,Metal,Metal,World,Metal,Metal,Rock,Rock,Rock,Rock,Rock
Latin
Latin,Latin
Latin,Latin
Latin,Latin,Latin,Latin
Latin,Latin,Latin,Latin,Latin,Latin
Latin,Latin,Rock,Metal,Metal,Rock,Rock,Soundtrack,Soundtrack
Rock,Rock,Rock,Alternative & Punk,Alternative & Punk,Rock,Rock,Rock,Rock,Reggae,Rock,Hip Hop/Rap,Hip Hop/Rap,Rock
Rock
Rock,Rock
Rock,Rock
Rock,Alternative & Punk,Alternative & Punk,Alternative & Punk
Alternative & Punk,Alternative & Punk,Rock,Rock,Rock,Alternative & Punk
Alternative & Punk,Alternative & Punk,Alternative & Punk,Alternative & Punk,Alternative & Punk,Rock,Rock,Alternative & Punk,Alternative & Punk
Alternative & Punk,Rock,Rock,Rock,Rock,Rock,Rock,Rock,Rock,Rock,Rock,Alternative & Punk,Alternative & Punk,Alternative & Punk
Alternative & Punk
Alternative & Punk,Rock
Rock,Rock
Rock,Rock,Rock,Rock
Rock,Jazz,Jazz,Blues,Blues,Rock
Rock,Metal,Metal,Rock,Blues,Blues,Blues,Blues,Alternative & Punk
Alternative & Punk,Rock,Rock,Rock,Rock,Rock,Rock,Rock,Rock,Rock,Rock,Rock,Alternative & Punk,Alternative & Punk
Rock
Rock,Rock
Rock,Rock
Rock,Rock,Rock,Rock
Latin,Latin,Latin,Latin,Latin,Latin
Latin,Alternative & Punk,Alternative & Punk,Alternative & Punk,Alternative & Punk,Alternative & Punk,Alternative & Punk,TV Shows,Science Fiction
Sci Fi & Fantasy,Drama,Drama,TV Shows,TV Shows,Drama,Drama,Drama,Drama,TV Shows,Rock,Rock,Rock,Rock
Rock
Rock,Rock
Rock,Rock
Rock,Rock,Rock,Rock
Rock,Rock,Rock,Rock,Rock,Rock
Rock,Rock,Rock,Rock,Rock,Reggae,Reggae,Rock,Rock
Rock,Rock,Rock,Rock,Rock,Rock,Latin,Metal,Metal,Latin,Latin,Drama,TV Shows,TV Shows
TV Shows
TV Shows,TV Shows
TV Shows,TV Shows
Comedy,Comedy,Comedy,Comedy
Comedy,Comedy,Sci Fi & Fantasy,Sci Fi & Fantasy,Sci Fi & Fantasy,Sci Fi & Fantasy
Sci Fi & Fantasy,TV Shows,Pop,Pop,Pop,Pop,Rock,Rock,Rock
Hip Hop/Rap,Hip Hop/Rap,Electronica/Dance,Electronica/Dance,Drama,TV Shows,Rock,Drama,Alternative,Alternative,Alternative,Alternative,Classical,Classical
Classical
Classical,Classical
Classical,Classical
Classical,Classical,Classical,Classical
Classical,Classical,R&B/Soul,R&B/Soul,R&B/Soul,Pop
Rock,Rock,Rock,Rock,Pop,Classical,Classical,Classical,Classical
Rock,Rock,Rock,Rock,Jazz,Jazz,Metal,Rock,Alternative & Punk,Rock And Roll,Rock And Roll,Jazz,Metal,Metal
Metal
Metal,Metal
Metal,Alternative & Punk
Alternative & Punk,Alternative & Punk,Alternative & Punk,Alternative & Punk
Alternative & Punk,Metal,Metal,Metal,Blues,Blues
Latin,Latin,Latin,Latin,Latin,Latin,Latin,Latin,Latin
Latin,Latin,Latin,Reggae,Reggae,Reggae,Latin,Pop,Pop,Rock,Rock,Soundtrack,Soundtrack,Latin
Latin
Latin,Latin
Latin,Latin
Latin,Latin,Latin,Latin
Metal,Metal,Rock,Rock,Rock,Rock
Rock,Rock,Rock,Rock,Jazz,Jazz,Alternative & Punk,Alternative & Punk,Alternative & Punk
Rock,Latin,Latin,Latin,Alternative & Punk,Alternative & Punk,Rock,Latin,Latin,Rock,Latin,Latin,Jazz,Jazz
Jazz
Jazz,Jazz
Jazz,Jazz
Jazz,Jazz,Jazz,Jazz
Jazz,Bossa Nova,Bossa Nova,Bossa Nova,Bossa Nova,Latin
Latin,Rock,Rock,Rock,Rock,Rock,Rock,Rock,Latin
Latin,Latin,Latin,Rock,Rock,Rock,Rock,Rock,Rock,Rock,Rock,Rock,Rock,Jazz
Latin
Latin,Latin
Latin,Latin
Latin,Latin,Latin,Latin
Latin,Latin,Latin,Latin,Blues,Blues
Blues,Blues,Blues,Blues,Alternative & Punk,Alternative & Punk,Alternative & Punk,Alternative & Punk,Rock
Rock,Alternative & Punk,Latin,Latin,Rock,Rock,Alternative & Punk,Rock,Rock,Easy Listening,Easy Listening,Latin,Latin,Soundtrack
Latin
Latin,Latin
Latin,Latin
Latin,Latin,Latin,Jazz
Latin,Latin,Latin,Latin,Metal,Metal
Alternative & Punk,Alternative & Punk,Alternative & Punk,Rock,Rock,Rock,Rock,Metal,Metal
Jazz,Jazz,Rock,Metal,Metal,Rock,Rock,Heavy Metal,Rock,Blues,Heavy Metal,Metal,Metal,Rock
Rock
Rock,Rock
Metal,Metal
Metal,Metal,Metal,Metal
Metal,Metal,Metal,Metal,Metal,Metal
Rock,Metal,Metal,Metal,Metal,Rock,Rock,Rock,Rock
R&B/Soul,R&B/Soul,Rock,R&B/Soul,Electronica/Dance,Alternative & Punk,Alternative & Punk,Rock,Rock,Rock,Latin,Latin,Latin,World
Metal
Metal,Metal
Metal,Metal
Metal,Rock,Rock,Rock
Rock,Rock,Rock,Rock,Rock,Rock
Rock,Rock,Rock,Rock,Rock,Rock,Rock,Rock,Rock
Rock,Rock,Latin,Latin,Latin,Latin,Rock,Latin,Latin,Latin,Latin,Rock,Latin,Latin
R&B/Soul
R&B/Soul,R&B/Soul
R&B/Soul,Rock
Rock,Rock,Rock,Rock
Metal,Metal,Metal,Metal,Metal,Metal
Metal,Metal,Metal,Metal,Metal,Metal,Metal,Metal,Metal
Metal,Metal,Jazz,Jazz,Latin,Latin,Latin,Metal,World,World,Metal,Metal,Rock,Rock
Rock
Rock,Rock
Rock,Rock
Rock,Rock,Rock,Latin
Latin,Latin,Latin,Latin,Latin,Latin
Latin,Latin,Latin,Latin,Latin,Latin,Rock,Metal,Metal
Rock,Soundtrack,Soundtrack,Rock,Rock,Rock,Alternative & Punk,Rock,Rock,Rock,Rock,Reggae,Reggae,Rock
Hip Hop/Rap
Hip Hop/Rap,Hip Hop/Rap
Hip Hop/Rap,Rock
Rock,Rock,Rock,Rock
Rock,Rock,Rock,Rock,Alternative & Punk,Alternative & Punk
Alternative & Punk,Rock,Rock,Alternative & Punk,Alternative & Punk,Alternative & Punk,Alternative & Punk,Alternative & Punk,Alternative & Punk
Rock,Alternative & Punk,Alternative & Punk,Rock,Rock,Rock,Rock,Rock,Rock,Rock,Rock,Rock,Rock,Rock
Alternative & Punk
Alternative & Punk,Alternative & Punk
Alternative & Punk,Alternative & Punk
Alternative & Punk,Alternative & Punk,Alternative & Punk,Alternative & Punk
Alternative & Punk,Alternative & Punk,Rock,Rock,Rock,Rock
Jazz,Jazz,Blues,Rock,Rock,Metal,Metal,Rock,Blues
Blues,Alternative & Punk,Alternative & Punk,Rock,Rock,Rock,Rock,Rock,Rock,Rock,Rock,Rock,Rock,Rock
Alternative & Punk
Alternative & Punk,Alternative & Punk
Alternative & Punk,Alternative & Punk
Alternative & Punk,Alternative & Punk,Alternative & Punk,Alternative & Punk
Rock,Rock,Rock,Rock,Rock,Latin
Latin,Latin,Latin,Latin,Alternative & Punk,Alternative & Punk,Alternative & Punk,Alternative & Punk,Alternative & Punk
Alternative & Punk,TV Shows,Science Fiction,Drama,Drama,TV Shows,TV Shows,TV Shows,Drama,Drama,TV Shows,TV Shows,Drama,Rock
Rock
Rock,Rock
Rock,Rock
Rock,Rock,Rock,Rock
Rock,Rock,Rock,Rock,Rock,Rock
Rock,Rock,Rock,Rock,Rock,Rock,Rock,Rock,Rock
Reggae,Rock,Rock,Rock,Rock,Rock,Rock,Rock,Latin,Latin,Metal,Metal,Latin,Latin
TV Shows
